{
  "speed_lower_multiplier": {
    "value": 0.9828211243355551,
    "bounds": [
      0.7,
      0.99
    ],
    "normalized": 0.9752452563295004
  },
  "speed_upper_multiplier": {
    "value": 1.1936328771345401,
    "bounds": [
      1.01,
      1.3
    ],
    "normalized": 0.6332168177053107
  },
  "throttle_increment": {
    "value": 0.13140754623636078,
    "bounds": [
      0.01,
      0.3
    ],
    "normalized": 0.4186467111598648
  },
  "brake_increment": {
    "value": 0.2566061941529328,
    "bounds": [
      0.01,
      0.3
    ],
    "normalized": 0.850366186734251
  },
  "steering_sensitivity": {
    "value": 1.731506530301664,
    "bounds": [
      0.1,
      3.0
    ],
    "normalized": 0.5625884587247116
  },
  "throttle_reduction": {
    "value": 0.6913164036046708,
    "bounds": [
      0.1,
      0.9
    ],
    "normalized": 0.7391455045058385
  },
  "steering_decay": {
    "value": 0.99,
    "bounds": [
      0.7,
      0.99
    ],
    "normalized": 1.0
  },
  "max_steering_threshold": {
    "value": 0.42688212962921723,
    "bounds": [
      0.1,
      0.5
    ],
    "normalized": 0.8172053240730431
  },
  "left_sensor_weight": {
    "value": 1.2703824828442993,
    "bounds": [
      0.5,
      2.0
    ],
    "normalized": 0.5135883218961995
  },
  "right_sensor_weight": {
    "value": 1.1324867988100822,
    "bounds": [
      0.5,
      2.0
    ],
    "normalized": 0.4216578658733881
  },
  "collision_threshold": {
    "value": 0.5809946629868656,
    "bounds": [
      0.5,
      1.0
    ],
    "normalized": 0.16198932597373128
  },
  "emergency_brake_threshold": {
    "value": 0.21903157753233793,
    "bounds": [
      0.05,
      0.5
    ],
    "normalized": 0.3756257278496399
  }
}