{
  "speed_lower_multiplier": {
    "value": 0.8026895147310017,
    "bounds": [
      0.7,
      0.99
    ],
    "normalized": 0.35410177493448874
  },
  "speed_upper_multiplier": {
    "value": 1.0191938920255996,
    "bounds": [
      1.01,
      1.3
    ],
    "normalized": 0.031703075950343496
  },
  "throttle_increment": {
    "value": 0.22393867142089502,
    "bounds": [
      0.01,
      0.3
    ],
    "normalized": 0.737719556623776
  },
  "brake_increment": {
    "value": 0.05357659046815613,
    "bounds": [
      0.01,
      0.3
    ],
    "normalized": 0.15026410506260734
  },
  "steering_sensitivity": {
    "value": 1.4393367101269183,
    "bounds": [
      0.1,
      3.0
    ],
    "normalized": 0.4618402448713511
  },
  "throttle_reduction": {
    "value": 0.5861889641795515,
    "bounds": [
      0.1,
      0.9
    ],
    "normalized": 0.6077362052244393
  },
  "steering_decay": {
    "value": 0.9611998962875477,
    "bounds": [
      0.7,
      0.99
    ],
    "normalized": 0.9006892975432678
  },
  "max_steering_threshold": {
    "value": 0.21030378831885735,
    "bounds": [
      0.1,
      0.5
    ],
    "normalized": 0.27575947079714336
  },
  "left_sensor_weight": {
    "value": 1.308793738952474,
    "bounds": [
      0.5,
      2.0
    ],
    "normalized": 0.539195825968316
  },
  "right_sensor_weight": {
    "value": 1.982239332327309,
    "bounds": [
      0.5,
      2.0
    ],
    "normalized": 0.9881595548848727
  },
  "collision_threshold": {
    "value": 0.9000756864577972,
    "bounds": [
      0.5,
      1.0
    ],
    "normalized": 0.8001513729155945
  },
  "emergency_brake_threshold": {
    "value": 0.1173591946732321,
    "bounds": [
      0.05,
      0.5
    ],
    "normalized": 0.1496870992738491
  }
}