{
  "generation": 0,
  "population_size": 100,
  "best_fitness": 10781.92578125,
  "best_individual": [
    0.9442109146435876,
    1.0971312737472796,
    0.11960457314680356,
    0.17668915916503816,
    0.9625008670442311,
    0.24726542963609122,
    0.9159030472718213,
    0.41562974988399604,
    1.9503970030104725,
    0.6657619428452286,
    0.9982370125408814,
    0.08421968151643919
  ],
  "fitness_history": [
    {
      "generation": 0,
      "best_fitness": 10781.92578125,
      "avg_fitness": 1315.2138671875,
      "std_fitness": 1805.0865478515625
    }
  ],
  "hyperparameters": {
    "mutation_rate": 0.15,
    "mutation_strength": 0.2,
    "crossover_rate": 0.7,
    "elite_ratio": 0.2
  }
}